{
	"class": "pid_controller.path_planning_controller",
	"grid_size": 30,
	"waypoints": [[40, 40], [310, 300], [290, 300], 
				  [195, 200], [200, 100],[375, 407], 
				  [344, 348], [285, 112], [58, 216], 
				  [105, 341], [186, 314], [170, 410], 
				  [46, 410], [167, 340], [296, 257], 
				  [173, 350], [117, 101], [65, 136],
				  [77, 296], [129, 344], [163, 345],
				  [296, 362], [291, 259], [90, 85],
				  [132, 305], [91, 308]],
	"algorithm": "A*",
	"heuristic": "naive",
	"start": [18, 19],
	"goal": [12, 12]
}
